model,condition,defence,n,detected,detected_rate,harm,harm_rate,harm_CI_low,harm_CI_high
llama3.1-8b,d1_hardened,D0_none,582,0,0.0,340,0.584192439862543,0.5437265150192518,0.623554237348932
llama3.1-8b,d1_hardened,D3_safety_auth,582,8,0.013745704467353952,338,0.5807560137457045,0.5402663936933064,0.620186572863931
llama3.1-8b,d1_hardened,D4b_master_data,582,432,0.7422680412371134,0,0.0,4.336808689942018e-19,0.006557164507317437
llama3.1-8b,d1_hardened,FULL_D3+D4bc,582,453,0.7783505154639175,0,0.0,4.336808689942018e-19,0.006557164507317437
llama3.1-8b,d4a_channel_separation,D0_none,600,0,0.0,0,0.0,4.336808689942018e-19,0.00636170101370071
llama3.1-8b,d4a_channel_separation,D3_safety_auth,600,0,0.0,0,0.0,4.336808689942018e-19,0.00636170101370071
llama3.1-8b,d4a_channel_separation,D4b_master_data,600,0,0.0,0,0.0,4.336808689942018e-19,0.00636170101370071
llama3.1-8b,d4a_channel_separation,FULL_D3+D4bc,600,67,0.11166666666666666,0,0.0,4.336808689942018e-19,0.00636170101370071
llama3.1-8b,plain,D0_none,582,0,0.0,461,0.7920962199312714,0.7572643207374029,0.8230974731930302
llama3.1-8b,plain,D2,582,464,0.7972508591065293,14,0.024054982817869417,0.014382164987081244,0.0399695001968601
llama3.1-8b,plain,D3_safety_auth,582,21,0.03608247422680412,440,0.7560137457044673,0.7195164522809644,0.7891535906345329
llama3.1-8b,plain,D4b_master_data,582,566,0.9725085910652921,0,0.0,4.336808689942018e-19,0.006557164507317437
llama3.1-8b,plain,FULL_D3+D4bc,582,568,0.9759450171821306,0,0.0,4.336808689942018e-19,0.006557164507317437
qwen3-8b,d1_hardened,D0_none,600,0,0.0,377,0.6283333333333333,0.5889641186290101,0.66606971144414
qwen3-8b,d1_hardened,D3_safety_auth,600,0,0.0,377,0.6283333333333333,0.5889641186290101,0.66606971144414
qwen3-8b,d1_hardened,D4b_master_data,600,425,0.7083333333333334,14,0.023333333333333334,0.01394915794810269,0.03878233035162532
qwen3-8b,d1_hardened,FULL_D3+D4bc,600,465,0.775,2,0.0033333333333333335,0.0009145966868046472,0.012071359653471395
qwen3-8b,d4a_channel_separation,D0_none,600,0,0.0,0,0.0,4.336808689942018e-19,0.00636170101370071
qwen3-8b,d4a_channel_separation,D3_safety_auth,600,0,0.0,0,0.0,4.336808689942018e-19,0.00636170101370071
qwen3-8b,d4a_channel_separation,D4b_master_data,600,0,0.0,0,0.0,4.336808689942018e-19,0.00636170101370071
qwen3-8b,d4a_channel_separation,FULL_D3+D4bc,600,67,0.11166666666666666,0,0.0,4.336808689942018e-19,0.00636170101370071
qwen3-8b,plain,D0_none,600,0,0.0,515,0.8583333333333333,0.8281474200087048,0.8839600275981431
qwen3-8b,plain,D2,600,511,0.8516666666666667,21,0.035,0.023004350476005058,0.052912031466736606
qwen3-8b,plain,D3_safety_auth,600,1,0.0016666666666666668,514,0.8566666666666667,0.8263567150822606,0.8824386048612995
qwen3-8b,plain,D4b_master_data,600,569,0.9483333333333334,9,0.015,0.007911242967693506,0.028259607015596183
qwen3-8b,plain,FULL_D3+D4bc,600,583,0.9716666666666667,1,0.0016666666666666668,0.0002942682008495647,0.009379560476138811
