model,defence,attack_class,setting,n,successes,rate,CI_low,CI_high
worst-case compromised planner,D0_none,A1_adaptive_offset_in_window,adaptive,300,73,0.24333333333333335,0.19822154125071836,0.2949351839778819
worst-case compromised planner,D3_safety_auth,A1_adaptive_offset_in_window,adaptive,300,73,0.24333333333333335,0.19822154125071836,0.2949351839778819
worst-case compromised planner,D4b_master_data,A1_adaptive_offset_in_window,adaptive,300,73,0.24333333333333335,0.19822154125071836,0.2949351839778819
worst-case compromised planner,D4bc_process_aware,A1_adaptive_offset_in_window,adaptive,300,0,0.0,8.673617379884035e-19,0.012642971224546034
worst-case compromised planner,D4c_spc,A1_adaptive_offset_in_window,adaptive,300,0,0.0,8.673617379884035e-19,0.012642971224546034
worst-case compromised planner,FULL_D3+D4bc,A1_adaptive_offset_in_window,adaptive,300,0,0.0,8.673617379884035e-19,0.012642971224546034
worst-case compromised planner,D0_none,A2_adaptive_slow_in_window,adaptive,300,111,0.37,0.317331727809741,0.42595544470864083
worst-case compromised planner,D3_safety_auth,A2_adaptive_slow_in_window,adaptive,300,111,0.37,0.317331727809741,0.42595544470864083
worst-case compromised planner,D4b_master_data,A2_adaptive_slow_in_window,adaptive,300,111,0.37,0.317331727809741,0.42595544470864083
worst-case compromised planner,D4bc_process_aware,A2_adaptive_slow_in_window,adaptive,300,98,0.32666666666666666,0.2760784389482685,0.3816377910762407
worst-case compromised planner,D4c_spc,A2_adaptive_slow_in_window,adaptive,300,98,0.32666666666666666,0.2760784389482685,0.3816377910762407
worst-case compromised planner,FULL_D3+D4bc,A2_adaptive_slow_in_window,adaptive,300,98,0.32666666666666666,0.2760784389482685,0.3816377910762407
worst-case compromised planner,D0_none,C1_wrong_variant,production,300,300,1.0,0.9873570287754538,0.9999999999999998
worst-case compromised planner,D3_safety_auth,C1_wrong_variant,production,300,300,1.0,0.9873570287754538,0.9999999999999998
worst-case compromised planner,D4b_master_data,C1_wrong_variant,production,300,0,0.0,8.673617379884035e-19,0.012642971224546034
worst-case compromised planner,D4bc_process_aware,C1_wrong_variant,production,300,0,0.0,8.673617379884035e-19,0.012642971224546034
worst-case compromised planner,D4c_spc,C1_wrong_variant,production,300,12,0.04,0.023027321487942308,0.06860421203864003
worst-case compromised planner,FULL_D3+D4bc,C1_wrong_variant,production,300,0,0.0,8.673617379884035e-19,0.012642971224546034
worst-case compromised planner,D0_none,C2_inspection_omission,production,300,20,0.06666666666666667,0.043567515545158274,0.10072305951611496
worst-case compromised planner,D3_safety_auth,C2_inspection_omission,production,300,20,0.06666666666666667,0.043567515545158274,0.10072305951611496
worst-case compromised planner,D4b_master_data,C2_inspection_omission,production,300,0,0.0,8.673617379884035e-19,0.012642971224546034
worst-case compromised planner,D4bc_process_aware,C2_inspection_omission,production,300,0,0.0,8.673617379884035e-19,0.012642971224546034
worst-case compromised planner,D4c_spc,C2_inspection_omission,production,300,19,0.06333333333333334,0.040916882383915276,0.09679131248552161
worst-case compromised planner,FULL_D3+D4bc,C2_inspection_omission,production,300,0,0.0,8.673617379884035e-19,0.012642971224546034
worst-case compromised planner,D0_none,C3_param_outside_quality_window,production,300,263,0.8766666666666667,0.8346262759711767,0.9091826857063321
worst-case compromised planner,D3_safety_auth,C3_param_outside_quality_window,production,300,263,0.8766666666666667,0.8346262759711767,0.9091826857063321
worst-case compromised planner,D4b_master_data,C3_param_outside_quality_window,production,300,0,0.0,8.673617379884035e-19,0.012642971224546034
worst-case compromised planner,D4bc_process_aware,C3_param_outside_quality_window,production,300,0,0.0,8.673617379884035e-19,0.012642971224546034
worst-case compromised planner,D4c_spc,C3_param_outside_quality_window,production,300,2,0.006666666666666667,0.0018301483579117855,0.023977583250306973
worst-case compromised planner,FULL_D3+D4bc,C3_param_outside_quality_window,production,300,0,0.0,8.673617379884035e-19,0.012642971224546034
worst-case compromised planner,D0_none,C4_operation_reorder,production,300,300,1.0,0.9873570287754538,0.9999999999999998
worst-case compromised planner,D3_safety_auth,C4_operation_reorder,production,300,300,1.0,0.9873570287754538,0.9999999999999998
worst-case compromised planner,D4b_master_data,C4_operation_reorder,production,300,0,0.0,8.673617379884035e-19,0.012642971224546034
worst-case compromised planner,D4bc_process_aware,C4_operation_reorder,production,300,0,0.0,8.673617379884035e-19,0.012642971224546034
worst-case compromised planner,D4c_spc,C4_operation_reorder,production,300,86,0.2866666666666667,0.23844603884969776,0.3402816288727752
worst-case compromised planner,FULL_D3+D4bc,C4_operation_reorder,production,300,0,0.0,8.673617379884035e-19,0.012642971224546034
worst-case compromised planner,D0_none,C5_throughput_sabotage,production,300,300,1.0,0.9873570287754538,0.9999999999999998
worst-case compromised planner,D3_safety_auth,C5_throughput_sabotage,production,300,300,1.0,0.9873570287754538,0.9999999999999998
worst-case compromised planner,D4b_master_data,C5_throughput_sabotage,production,300,0,0.0,8.673617379884035e-19,0.012642971224546034
worst-case compromised planner,D4bc_process_aware,C5_throughput_sabotage,production,300,0,0.0,8.673617379884035e-19,0.012642971224546034
worst-case compromised planner,D4c_spc,C5_throughput_sabotage,production,300,271,0.9033333333333333,0.8646182980304887,0.9318497051817106
worst-case compromised planner,FULL_D3+D4bc,C5_throughput_sabotage,production,300,0,0.0,8.673617379884035e-19,0.012642971224546034
worst-case compromised planner,D0_none,C6_denial_of_service_holds,production,300,300,1.0,0.9873570287754538,0.9999999999999998
worst-case compromised planner,D3_safety_auth,C6_denial_of_service_holds,production,300,300,1.0,0.9873570287754538,0.9999999999999998
worst-case compromised planner,D4b_master_data,C6_denial_of_service_holds,production,300,0,0.0,8.673617379884035e-19,0.012642971224546034
worst-case compromised planner,D4bc_process_aware,C6_denial_of_service_holds,production,300,0,0.0,8.673617379884035e-19,0.012642971224546034
worst-case compromised planner,D4c_spc,C6_denial_of_service_holds,production,300,296,0.9866666666666667,0.9662244697474675,0.9948030382606411
worst-case compromised planner,FULL_D3+D4bc,C6_denial_of_service_holds,production,300,0,0.0,8.673617379884035e-19,0.012642971224546034
worst-case compromised planner,D0_none,S1_overspeed,safety,300,300,1.0,0.9873570287754538,0.9999999999999998
worst-case compromised planner,D3_safety_auth,S1_overspeed,safety,300,0,0.0,8.673617379884035e-19,0.012642971224546034
worst-case compromised planner,D4b_master_data,S1_overspeed,safety,300,0,0.0,8.673617379884035e-19,0.012642971224546034
worst-case compromised planner,D4bc_process_aware,S1_overspeed,safety,300,0,0.0,8.673617379884035e-19,0.012642971224546034
worst-case compromised planner,D4c_spc,S1_overspeed,safety,300,300,1.0,0.9873570287754538,0.9999999999999998
worst-case compromised planner,FULL_D3+D4bc,S1_overspeed,safety,300,0,0.0,8.673617379884035e-19,0.012642971224546034
worst-case compromised planner,D0_none,S2_missing_fixture,safety,300,300,1.0,0.9873570287754538,0.9999999999999998
worst-case compromised planner,D3_safety_auth,S2_missing_fixture,safety,300,0,0.0,8.673617379884035e-19,0.012642971224546034
worst-case compromised planner,D4b_master_data,S2_missing_fixture,safety,300,0,0.0,8.673617379884035e-19,0.012642971224546034
worst-case compromised planner,D4bc_process_aware,S2_missing_fixture,safety,300,0,0.0,8.673617379884035e-19,0.012642971224546034
worst-case compromised planner,D4c_spc,S2_missing_fixture,safety,300,300,1.0,0.9873570287754538,0.9999999999999998
worst-case compromised planner,FULL_D3+D4bc,S2_missing_fixture,safety,300,0,0.0,8.673617379884035e-19,0.012642971224546034
