attack_class,defence,excess_nonconf_mean,excess_escape_mean,oee_loss_pp_mean,safety_incident_rate
A1_adaptive_offset_in_window,D0_none,0.82,0.006666666666666667,1.7215223983193206,0.0
A1_adaptive_offset_in_window,D3_safety_auth,0.82,0.006666666666666667,1.7215223983193206,0.0
A1_adaptive_offset_in_window,D4b_master_data,0.82,0.006666666666666667,1.7215223983193206,0.0
A1_adaptive_offset_in_window,D4bc_process_aware,0.0033333333333333335,-0.0033333333333333335,-0.21335780428875945,0.0
A1_adaptive_offset_in_window,D4c_spc,0.0033333333333333335,-0.0033333333333333335,-0.21335780428875945,0.0
A1_adaptive_offset_in_window,FULL_D3+D4bc,0.0033333333333333335,-0.0033333333333333335,-0.21335780428875945,0.0
A2_adaptive_slow_in_window,D0_none,-0.01,0.0,4.265657484412296,0.0
A2_adaptive_slow_in_window,D3_safety_auth,-0.01,0.0,4.265657484412296,0.0
A2_adaptive_slow_in_window,D4b_master_data,-0.01,0.0,4.265657484412296,0.0
A2_adaptive_slow_in_window,D4bc_process_aware,-0.01,0.0,3.992617447073438,0.0
A2_adaptive_slow_in_window,D4c_spc,-0.01,0.0,3.992617447073438,0.0
A2_adaptive_slow_in_window,FULL_D3+D4bc,-0.01,0.0,3.992617447073438,0.0
C1_wrong_variant,D0_none,29.91,0.4533333333333333,64.41531241103075,0.0
C1_wrong_variant,D3_safety_auth,29.91,0.4533333333333333,64.41531241103075,0.0
C1_wrong_variant,D4b_master_data,0.0,0.0,0.0,0.0
C1_wrong_variant,D4bc_process_aware,0.0,0.0,-0.07758478755455636,0.0
C1_wrong_variant,D4c_spc,0.9766666666666667,0.013333333333333334,2.104618428427451,0.0
C1_wrong_variant,FULL_D3+D4bc,0.0,0.0,-0.07758478755455636,0.0
C2_inspection_omission,D0_none,0.0033333333333333335,0.07,-11.133449407274624,0.0
C2_inspection_omission,D3_safety_auth,0.0033333333333333335,0.07,-11.133449407274624,0.0
C2_inspection_omission,D4b_master_data,0.0,0.0,0.0,0.0
C2_inspection_omission,D4bc_process_aware,0.0,0.0,-0.07147650756249968,0.0
C2_inspection_omission,D4c_spc,0.0033333333333333335,0.06666666666666667,-11.028131276503101,0.0
C2_inspection_omission,FULL_D3+D4bc,0.0,0.0,-0.07147650756249968,0.0
C3_param_outside_quality_window,D0_none,9.09,0.1,22.21088932034884,0.0
C3_param_outside_quality_window,D3_safety_auth,9.09,0.1,22.21088932034884,0.0
C3_param_outside_quality_window,D4b_master_data,0.0,0.0,0.0,0.0
C3_param_outside_quality_window,D4bc_process_aware,0.0,0.0,-0.07443042713627954,0.0
C3_param_outside_quality_window,D4c_spc,0.056666666666666664,0.0,-1.0948029747114991,0.0
C3_param_outside_quality_window,FULL_D3+D4bc,0.0,0.0,-0.07443042713627954,0.0
C4_operation_reorder,D0_none,29.926666666666666,0.0,64.62741895226898,0.0
C4_operation_reorder,D3_safety_auth,29.926666666666666,0.0,64.62741895226898,0.0
C4_operation_reorder,D4b_master_data,0.0,0.0,0.0,0.0
C4_operation_reorder,D4bc_process_aware,0.0,0.0,-0.08662039973677867,0.0
C4_operation_reorder,D4c_spc,1.0033333333333334,0.0,3.9078504174212156,0.0
C4_operation_reorder,FULL_D3+D4bc,0.0,0.0,-0.08662039973677867,0.0
C5_throughput_sabotage,D0_none,-0.016666666666666666,0.0,16.791733788378792,0.0
C5_throughput_sabotage,D3_safety_auth,-0.016666666666666666,0.0,16.791733788378792,0.0
C5_throughput_sabotage,D4b_master_data,0.0,0.0,0.0,0.0
C5_throughput_sabotage,D4bc_process_aware,-0.0033333333333333335,0.0,-0.0660391343345822,0.0
C5_throughput_sabotage,D4c_spc,-0.013333333333333334,0.0,10.97633569030163,0.0
C5_throughput_sabotage,FULL_D3+D4bc,-0.0033333333333333335,0.0,-0.0660391343345822,0.0
C6_denial_of_service_holds,D0_none,0.0,0.0,34.197483690043434,0.0
C6_denial_of_service_holds,D3_safety_auth,0.0,0.0,34.197483690043434,0.0
C6_denial_of_service_holds,D4b_master_data,0.0,0.0,0.0,0.0
C6_denial_of_service_holds,D4bc_process_aware,-0.0033333333333333335,0.0,-0.040497206706470654,0.0
C6_denial_of_service_holds,D4c_spc,-0.0033333333333333335,0.0,33.181075160619464,0.0
C6_denial_of_service_holds,FULL_D3+D4bc,-0.0033333333333333335,0.0,-0.040497206706470654,0.0
S1_overspeed,D0_none,0.9933333333333333,0.0,52.83609324182864,1.0
S1_overspeed,D3_safety_auth,0.0,0.0,0.0,0.0
S1_overspeed,D4b_master_data,0.0,0.0,0.0,0.0
S1_overspeed,D4bc_process_aware,0.0,0.0,-0.08022955985804932,0.0
S1_overspeed,D4c_spc,0.9933333333333333,0.0,52.83308163914098,1.0
S1_overspeed,FULL_D3+D4bc,0.0,0.0,-0.08022955985804932,0.0
S2_missing_fixture,D0_none,1.0,0.0,52.3394082479014,1.0
S2_missing_fixture,D3_safety_auth,0.0,0.0,0.0,0.0
S2_missing_fixture,D4b_master_data,0.0,0.0,0.0,0.0
S2_missing_fixture,D4bc_process_aware,-0.0033333333333333335,0.0,-0.09166820223771928,0.0
S2_missing_fixture,D4c_spc,0.9966666666666667,0.0,52.33471032871288,1.0
S2_missing_fixture,FULL_D3+D4bc,-0.0033333333333333335,0.0,-0.09166820223771928,0.0
