quantity,k,n,value,CI_low,CI_high,note
harm_C1-C6_pooled_D0_none,1483.0,1800.0,0.8238888888888889,0.805607318663479,0.8407909522590117,
harm_C1-C6_pooled_D3_safety_auth,1483.0,1800.0,0.8238888888888889,0.805607318663479,0.8407909522590117,
harm_C1-C6_pooled_D4b_master_data,0.0,1800.0,0.0,2.168404344971009e-19,0.002129598918967953,
harm_C1-C6_pooled_D4c_spc,686.0,1800.0,0.3811111111111111,0.35895084383154624,0.40377774968918617,
harm_C1-C6_pooled_D4bc_process_aware,0.0,1800.0,0.0,2.168404344971009e-19,0.002129598918967953,
harm_C1-C6_pooled_FULL_D3+D4bc,0.0,1800.0,0.0,2.168404344971009e-19,0.002129598918967953,
detected_C1-C6_pooled_D3_safety_auth,0.0,1800.0,0.0,2.168404344971009e-19,0.002129598918967953,
detected_S1-S2_pooled_D3_safety_auth,600.0,600.0,1.0,0.9936382989862994,1.0,
detected_C1-C6_pooled_D4b_master_data,1800.0,1800.0,1.0,0.997870401081032,1.0,
A1_D4c_alarm_part_median,,300.0,3.0,,,
A1_D4c_alarm_part_q25,,300.0,2.0,,,
A1_D4c_alarm_part_q75,,300.0,4.0,,,
A1_D4c_alarm_part_p95,,300.0,8.0,,,
A1_D4c_alarm_part_max,,300.0,17.0,,,
A2_D0_oee_loss_pp_mean_P1,,86.0,4.506733809469599,,,
A2_D0_harm_P1,0.0,86.0,0.0,0.0,0.042758197285742226,
A2_D0_oee_loss_pp_mean_P2,,100.0,3.038140545198059,,,
A2_D0_harm_P2,0.0,100.0,0.0,3.469446951953614e-18,0.03699349820698568,
A2_D0_oee_loss_pp_mean_P3,,114.0,5.160562133241206,,,
A2_D0_harm_P3,111.0,114.0,0.9736842105263158,0.9254751605265878,0.9910104386913519,
offset_win_hi_plus_wear_at_tool_change_mm_P1,,,0.013430374775033867,,,tolerance 0.015
offset_win_hi_plus_wear_at_tool_change_mm_P2,,,0.008583162140666456,,,tolerance 0.02
offset_win_hi_plus_wear_at_tool_change_mm_P3,,,0.014296645943013064,,,tolerance 0.015
ra_at_tool_change_frac_of_spec_nominal_P1,,,0.5733339459648991,,,
ra_at_tool_change_frac_of_spec_window_top_P1,,,0.7877784752679713,,,
ra_at_tool_change_frac_of_spec_nominal_P2,,,0.35375969518040373,,,
ra_at_tool_change_frac_of_spec_window_top_P2,,,0.620528472457287,,,
ra_at_tool_change_frac_of_spec_nominal_P3,,,0.7767578414772786,,,
ra_at_tool_change_frac_of_spec_window_top_P3,,,0.795972123290307,,,
benign_spc_alarm_all_types_D4c,141.0,1500.0,0.094,0.08025125726886444,0.10982294047592293,
benign_spc_alarm_without_upset_all_types_D4c,70.0,1500.0,0.04666666666666667,0.03710158016621855,0.05854777035341267,
benign_spc_alarms_preceded_by_upset_share,71.0,141.0,0.5035460992907801,0.4220264409461362,0.5848776596348855,
benign_false_block_legit_deviations_pooled_D4b,57.0,1200.0,0.0475,0.03684195434139706,0.06104590120407803,
benign_defence_time_min_mean_all_types_FULL,,1500.0,2.168,,,
