benign_type,defence,n,false_block,false_block_rate,fb_CI_low,fb_CI_high,spc_alarms,spc_alarms_after_upset,spc_alarms_no_upset,oee_mean,defence_time_mean_min
alt_routing,D0_none,300,0,0.0,8.673617379884035e-19,0.012642971224546034,0,0,0,0.5715311582239643,0.0
alt_routing,D3_safety_auth,300,0,0.0,8.673617379884035e-19,0.012642971224546034,0,0,0,0.5715311582239643,0.0
alt_routing,D4b_master_data,300,18,0.06,0.038286369524692054,0.09283944515290843,0,0,0,0.5673663717778099,0.9
alt_routing,D4bc_process_aware,300,18,0.06,0.038286369524692054,0.09283944515290843,32,15,17,0.5593882239025255,2.7133333333333334
alt_routing,D4c_spc,300,0,0.0,8.673617379884035e-19,0.012642971224546034,32,15,17,0.5634987731258984,1.8133333333333332
alt_routing,FULL_D3+D4bc,300,18,0.06,0.038286369524692054,0.09283944515290843,32,15,17,0.5593882239025255,2.7133333333333334
concession,D0_none,300,0,0.0,8.673617379884035e-19,0.012642971224546034,0,0,0,0.6690632960544982,0.0
concession,D3_safety_auth,300,0,0.0,8.673617379884035e-19,0.012642971224546034,0,0,0,0.6690632960544982,0.0
concession,D4b_master_data,300,14,0.04666666666666667,0.027998933682334012,0.07679736022792105,0,0,0,0.6642945860671813,0.7
concession,D4bc_process_aware,300,14,0.04666666666666667,0.027998933682334012,0.07679736022792105,22,10,12,0.6567572345426379,1.9466666666666668
concession,D4c_spc,300,0,0.0,8.673617379884035e-19,0.012642971224546034,22,10,12,0.6613148736506274,1.2466666666666666
concession,FULL_D3+D4bc,300,14,0.04666666666666667,0.027998933682334012,0.07679736022792105,22,10,12,0.6567572345426379,1.9466666666666668
eco,D0_none,300,0,0.0,8.673617379884035e-19,0.012642971224546034,0,0,0,0.6470570240175726,0.0
eco,D3_safety_auth,300,0,0.0,8.673617379884035e-19,0.012642971224546034,0,0,0,0.6470570240175726,0.0
eco,D4b_master_data,300,15,0.05,0.03053164062934728,0.08084703347274415,0,0,0,0.6418783424013516,0.75
eco,D4bc_process_aware,300,15,0.05,0.03053164062934728,0.08084703347274415,32,17,15,0.6312411554768707,2.5633333333333335
eco,D4c_spc,300,0,0.0,8.673617379884035e-19,0.012642971224546034,32,17,15,0.6363108754986535,1.8133333333333332
eco,FULL_D3+D4bc,300,15,0.05,0.03053164062934728,0.08084703347274415,32,17,15,0.6312411554768707,2.5633333333333335
nominal,D0_none,300,0,0.0,8.673617379884035e-19,0.012642971224546034,0,0,0,0.6439295325258257,0.0
nominal,D3_safety_auth,300,0,0.0,8.673617379884035e-19,0.012642971224546034,0,0,0,0.6439295325258257,0.0
nominal,D4b_master_data,300,0,0.0,8.673617379884035e-19,0.012642971224546034,0,0,0,0.6439295325258257,0.0
nominal,D4bc_process_aware,300,0,0.0,8.673617379884035e-19,0.012642971224546034,31,17,14,0.6339840253005314,1.7566666666666666
nominal,D4c_spc,300,0,0.0,8.673617379884035e-19,0.012642971224546034,31,17,14,0.6339840253005314,1.7566666666666666
nominal,FULL_D3+D4bc,300,0,0.0,8.673617379884035e-19,0.012642971224546034,31,17,14,0.6339840253005314,1.7566666666666666
rush,D0_none,300,0,0.0,8.673617379884035e-19,0.012642971224546034,0,0,0,0.7048600373663353,0.0
rush,D3_safety_auth,300,0,0.0,8.673617379884035e-19,0.012642971224546034,0,0,0,0.7048600373663353,0.0
rush,D4b_master_data,300,10,0.03333333333333333,0.01820494733885481,0.06026182580405482,0,0,0,0.7006281408000833,0.5
rush,D4bc_process_aware,300,10,0.03333333333333333,0.01820494733885481,0.06026182580405482,24,12,12,0.6922787609678942,1.86
rush,D4c_spc,300,0,0.0,8.673617379884035e-19,0.012642971224546034,24,12,12,0.6965106575341463,1.36
rush,FULL_D3+D4bc,300,10,0.03333333333333333,0.01820494733885481,0.06026182580405482,24,12,12,0.6922787609678942,1.86
