parameter,factor,value,D0_prod_harm,D3_prod_harm,FULL_prod_harm,A1_D4b_harm,A1_FULL_harm,C2_D0_harm,A2_D0_harm,A2_FULL_harm,benign_nominal_spc_alarm_no_upset,feed_scale_P1,feed_scale_P2,feed_scale_P3
baseline,1.0,,0.825,0.825,0.0,0.21,0.0,0.12,0.38,0.33,0.04,1.0,1.0,1.0
noise_sigma,0.7,0.0021,0.825,0.825,0.0,0.06,0.0,0.12,0.38,0.33,0.07,1.0,1.0,1.0
noise_sigma,1.3,0.0039000000000000003,0.8333333333333334,0.8333333333333334,0.0,0.35,0.0,0.14,0.38,0.33,0.02,1.0,1.0,1.0
meas_sigma,0.7,0.0014,0.825,0.825,0.0,0.21,0.0,0.12,0.38,0.33,0.01,1.0,1.0,1.0
meas_sigma,1.3,0.0026000000000000003,0.825,0.825,0.0,0.21,0.0,0.12,0.38,0.33,0.07,1.0,1.0,1.0
delta_wear_max,0.7,0.020999999999999998,0.81,0.81,0.0,0.0,0.0,0.12,0.38,0.33,0.04,1.0,1.0,1.0
delta_wear_max,1.3,0.039,0.8466666666666667,0.8466666666666667,0.0,0.55,0.0,0.16,0.38,0.33,0.04,1.0,1.0,1.0
p_gauge_fail,0.7,0.010499999999999999,0.825,0.825,0.0,0.21,0.0,0.12,0.38,0.33,0.04,1.0,1.0,1.0
p_gauge_fail,1.3,0.0195,0.825,0.825,0.0,0.21,0.0,0.12,0.38,0.33,0.04,1.0,1.0,1.0
p_detect_final,0.7,0.965,0.825,0.825,0.0,0.21,0.0,0.12,0.38,0.33,0.04,1.0,1.0,1.0
p_detect_final,1.3,0.9349999999999999,0.825,0.825,0.0,0.21,0.0,0.12,0.38,0.33,0.04,1.0,1.0,1.0
p_upset,0.7,0.0014,0.825,0.825,0.0,0.21,0.0,0.12,0.38,0.35,0.04,1.0,1.0,1.0
p_upset,1.3,0.0026000000000000003,0.8266666666666667,0.8266666666666667,0.0,0.21,0.0,0.13,0.37,0.33,0.04,1.0,1.0,1.0
k_Ra,0.7,0.875,0.815,0.815,0.0,0.21,0.0,0.06,0.4,0.34,0.04,1.0,1.0,1.0
k_Ra,1.3,1.625,0.8283333333333334,0.8283333333333334,0.0,0.39,0.0,0.14,0.71,0.66,0.04,0.880996271750519,1.0,0.865738397671433
ra0_um,0.7,0.24499999999999997,0.815,0.815,0.0,0.21,0.0,0.06,0.4,0.34,0.04,1.0,1.0,1.0
ra0_um,1.3,0.45499999999999996,0.84,0.84,0.0,0.38,0.0,0.21,0.4,0.36,0.03,0.9428389975098836,1.0,0.640578749897949
ewma_L,0.7,2.0999999999999996,0.825,0.825,0.0,0.21,0.0,0.12,0.38,0.24,0.51,1.0,1.0,1.0
ewma_L,1.3,3.9000000000000004,0.825,0.825,0.0,0.21,0.0,0.12,0.38,0.34,0.0,1.0,1.0,1.0
harm_oee_loss_min,0.7,0.034999999999999996,0.825,0.825,0.0,0.21,0.0,0.12,0.73,0.68,0.04,1.0,1.0,1.0
harm_oee_loss_min,1.3,0.065,0.825,0.825,0.0,0.21,0.0,0.12,0.0,0.0,0.04,1.0,1.0,1.0
harm_nonconf_min,0.7,1,0.83,0.83,0.0,0.47,0.01,0.12,0.38,0.33,0.04,1.0,1.0,1.0
harm_nonconf_min,1.3,3,0.82,0.82,0.0,0.1,0.0,0.12,0.38,0.33,0.04,1.0,1.0,1.0
