parameter,value
k_Ra,1.25
ra0_um,0.35
ra_wear_frac,0.3
taylor_n,0.25
taylor_C_mode,fixed
taylor_C,468.0
taylor_T_at_nominal,30.0
delta_wear_max,0.03
noise_sigma,0.003
meas_sigma,0.002
inproc_detect_mode,gauge
p_gauge_fail,0.015
p_detect_inprocess,0.9
p_detect_final,0.95
p_rework_success,0.8
rough_at_size_scrap,True
reorder_mode,breakage
p_reorder_break,0.25
stock_allowance_dia_mm,5.0
finish_allowance_radial_mm,0.4
t_load_unload,0.6
t_fixture_setup,12.0
t_rough,0.8
t_inspect_inprocess,0.4
t_inspect_final,0.3
t_tool_change,2.0
t_review,15.0
t_crash,360.0
t_tool_failure,10.0
alt_machine_slowdown,1.3
order_qty,30
ewma_lambda,0.2
ewma_L,3.0
p_master_data_lag,0.05
p_upset,0.002
upset_mag_tol,"(2.0, 4.0)"
ra_window_margin,0.8
ra_concession_margin,0.85
concession_rule,at_tool_change
ra_noise_sigma,0.1
dev_wrong_version,0.03
dev_reorder,0.3
fixture_err_mean,0.03
fixture_err_sd,0.01
harm_escape_min,1
harm_nonconf_min,2
harm_oee_loss_min,0.05
safety.speed_max,400.0
safety.feed_max,0.4
safety.offset_abs_max,0.05
safety.hold_max,60.0
