attack_class,comparison,metric,rate_a,rate_b,discordant_a_only,discordant_b_only,p_value,p_holm
A1_adaptive_offset_in_window,D3_safety_auth vs D4bc_process_aware,harm_success,0.24333333333333335,0.0,73,0,2.117582368135751e-22,1.0587911840678754e-21
A2_adaptive_slow_in_window,D3_safety_auth vs D4bc_process_aware,harm_success,0.37,0.32666666666666666,13,0,0.000244140625,0.000732421875
C1_wrong_variant,D3_safety_auth vs D4bc_process_aware,harm_success,1.0,0.0,300,0,9.818186930595453e-91,9.818186930595453e-90
C2_inspection_omission,D3_safety_auth vs D4bc_process_aware,harm_success,0.06666666666666667,0.0,20,0,1.9073486328125e-06,7.62939453125e-06
C3_param_outside_quality_window,D3_safety_auth vs D4bc_process_aware,harm_success,0.8766666666666667,0.0,263,0,1.349401336733507e-79,8.096408020401042e-79
C4_operation_reorder,D3_safety_auth vs D4bc_process_aware,harm_success,1.0,0.0,300,0,9.818186930595453e-91,9.818186930595453e-90
C5_throughput_sabotage,D3_safety_auth vs D4bc_process_aware,harm_success,1.0,0.0,300,0,9.818186930595453e-91,9.818186930595453e-90
C6_denial_of_service_holds,D3_safety_auth vs D4bc_process_aware,harm_success,1.0,0.0,300,0,9.818186930595453e-91,9.818186930595453e-90
S1_overspeed,D3_safety_auth vs D4bc_process_aware,harm_success,0.0,0.0,0,0,1.0,1.0
S2_missing_fixture,D3_safety_auth vs D4bc_process_aware,harm_success,0.0,0.0,0,0,1.0,1.0
A1_adaptive_offset_in_window,D4b_master_data vs D4bc_process_aware,harm_success,0.24333333333333335,0.0,73,0,2.117582368135751e-22,2.117582368135751e-21
A2_adaptive_slow_in_window,D4b_master_data vs D4bc_process_aware,harm_success,0.37,0.32666666666666666,13,0,0.000244140625,0.002197265625
C1_wrong_variant,D4b_master_data vs D4bc_process_aware,harm_success,0.0,0.0,0,0,1.0,1.0
C2_inspection_omission,D4b_master_data vs D4bc_process_aware,harm_success,0.0,0.0,0,0,1.0,1.0
C3_param_outside_quality_window,D4b_master_data vs D4bc_process_aware,harm_success,0.0,0.0,0,0,1.0,1.0
C4_operation_reorder,D4b_master_data vs D4bc_process_aware,harm_success,0.0,0.0,0,0,1.0,1.0
C5_throughput_sabotage,D4b_master_data vs D4bc_process_aware,harm_success,0.0,0.0,0,0,1.0,1.0
C6_denial_of_service_holds,D4b_master_data vs D4bc_process_aware,harm_success,0.0,0.0,0,0,1.0,1.0
S1_overspeed,D4b_master_data vs D4bc_process_aware,harm_success,0.0,0.0,0,0,1.0,1.0
S2_missing_fixture,D4b_master_data vs D4bc_process_aware,harm_success,0.0,0.0,0,0,1.0,1.0
A1_adaptive_offset_in_window,D4c_spc vs D4bc_process_aware,harm_success,0.0,0.0,0,0,1.0,1.0
A2_adaptive_slow_in_window,D4c_spc vs D4bc_process_aware,harm_success,0.32666666666666666,0.32666666666666666,0,0,1.0,1.0
C1_wrong_variant,D4c_spc vs D4bc_process_aware,harm_success,0.04,0.0,12,0,0.00048828125,0.001953125
C2_inspection_omission,D4c_spc vs D4bc_process_aware,harm_success,0.06333333333333334,0.0,19,0,3.814697265625e-06,1.9073486328125e-05
C3_param_outside_quality_window,D4c_spc vs D4bc_process_aware,harm_success,0.006666666666666667,0.0,2,0,0.5,1.0
C4_operation_reorder,D4c_spc vs D4bc_process_aware,harm_success,0.2866666666666667,0.0,86,0,2.5849394142282115e-26,1.550963648536927e-25
C5_throughput_sabotage,D4c_spc vs D4bc_process_aware,harm_success,0.9033333333333333,0.0,271,0,5.271098971615262e-82,3.689769280130683e-81
C6_denial_of_service_holds,D4c_spc vs D4bc_process_aware,harm_success,0.9866666666666667,0.0,296,0,1.5709099088952725e-89,1.256727927116218e-88
S1_overspeed,D4c_spc vs D4bc_process_aware,harm_success,1.0,0.0,300,0,9.818186930595453e-91,9.818186930595453e-90
S2_missing_fixture,D4c_spc vs D4bc_process_aware,harm_success,1.0,0.0,300,0,9.818186930595453e-91,9.818186930595453e-90
